date_key,full_date
1,2021-01-01
2,2021-01-02
3,2021-01-03
4,2021-01-04
5,2021-01-05
6,2021-01-06
7,2021-01-07
8,2021-01-08
9,2021-01-09
10,2021-01-10
11,2021-01-11
12,2021-01-12
13,2021-01-13
14,2021-01-14
15,2021-01-15
16,2021-01-16
17,2021-01-17
18,2021-01-18
19,2021-01-19
20,2021-01-20
21,2021-01-21
22,2021-01-22
23,2021-01-23
24,2021-01-24
25,2021-01-25
26,2021-01-26
27,2021-01-27
28,2021-01-28
29,2021-01-29
30,2021-01-30
31,2021-01-31
32,2021-02-01
33,2021-02-02
34,2021-02-03
35,2021-02-04
36,2021-02-05
37,2021-02-06
38,2021-02-07
39,2021-02-08
40,2021-02-09
41,2021-02-10
42,2021-02-11
43,2021-02-12
44,2021-02-13
45,2021-02-14
46,2021-02-15
47,2021-02-16
48,2021-02-17
49,2021-02-18
50,2021-02-19
51,2021-02-20
52,2021-02-21
53,2021-02-22
54,2021-02-23
55,2021-02-24
56,2021-02-25
57,2021-02-26
58,2021-02-27
59,2021-02-28
60,2021-03-01
61,2021-03-02
62,2021-03-03
63,2021-03-04
64,2021-03-05
65,2021-03-06
66,2021-03-07
67,2021-03-08
68,2021-03-09
69,2021-03-10
70,2021-03-11
71,2021-03-12
72,2021-03-13
73,2021-03-14
74,2021-03-15
75,2021-03-16
76,2021-03-17
77,2021-03-18
78,2021-03-19
79,2021-03-20
80,2021-03-21
81,2021-03-22
82,2021-03-23
83,2021-03-24
84,2021-03-25
85,2021-03-26
86,2021-03-27
87,2021-03-28
88,2021-03-29
89,2021-03-30
90,2021-03-31
91,2021-04-01
92,2021-04-02
93,2021-04-03
94,2021-04-04
95,2021-04-05
96,2021-04-06
97,2021-04-07
98,2021-04-08
99,2021-04-09
100,2021-04-10
101,2021-04-11
102,2021-04-12
103,2021-04-13
104,2021-04-14
105,2021-04-15
106,2021-04-16
107,2021-04-17
108,2021-04-18
109,2021-04-19
110,2021-04-20
111,2021-04-21
112,2021-04-22
113,2021-04-23
114,2021-04-24
115,2021-04-25
116,2021-04-26
117,2021-04-27
118,2021-04-28
119,2021-04-29
120,2021-04-30
121,2021-05-01
122,2021-05-02
123,2021-05-03
124,2021-05-04
125,2021-05-05
126,2021-05-06
127,2021-05-07
128,2021-05-08
129,2021-05-09
130,2021-05-10
131,2021-05-11
132,2021-05-12
133,2021-05-13
134,2021-05-14
135,2021-05-15
136,2021-05-16
137,2021-05-17
138,2021-05-18
139,2021-05-19
140,2021-05-20
141,2021-05-21
142,2021-05-22
143,2021-05-23
144,2021-05-24
145,2021-05-25
146,2021-05-26
147,2021-05-27
148,2021-05-28
149,2021-05-29
150,2021-05-30
151,2021-05-31
152,2021-06-01
153,2021-06-02
154,2021-06-03
155,2021-06-04
156,2021-06-05
157,2021-06-06
158,2021-06-07
159,2021-06-08
160,2021-06-09
161,2021-06-10
162,2021-06-11
163,2021-06-12
164,2021-06-13
165,2021-06-14
166,2021-06-15
167,2021-06-16
168,2021-06-17
169,2021-06-18
170,2021-06-19
171,2021-06-20
172,2021-06-21
173,2021-06-22
174,2021-06-23
175,2021-06-24
176,2021-06-25
177,2021-06-26
178,2021-06-27
179,2021-06-28
180,2021-06-29
181,2021-06-30
182,2021-07-01
183,2021-07-02
184,2021-07-03
185,2021-07-04
186,2021-07-05
187,2021-07-06
188,2021-07-07
189,2021-07-08
190,2021-07-09
191,2021-07-10
192,2021-07-11
193,2021-07-12
194,2021-07-13
195,2021-07-14
196,2021-07-15
197,2021-07-16
198,2021-07-17
199,2021-07-18
200,2021-07-19
201,2021-07-20
202,2021-07-21
203,2021-07-22
204,2021-07-23
205,2021-07-24
206,2021-07-25
207,2021-07-26
208,2021-07-27
209,2021-07-28
210,2021-07-29
211,2021-07-30
212,2021-07-31
213,2021-08-01
214,2021-08-02
215,2021-08-03
216,2021-08-04
217,2021-08-05
218,2021-08-06
219,2021-08-07
220,2021-08-08
221,2021-08-09
222,2021-08-10
223,2021-08-11
224,2021-08-12
225,2021-08-13
226,2021-08-14
227,2021-08-15
228,2021-08-16
229,2021-08-17
230,2021-08-18
231,2021-08-19
232,2021-08-20
233,2021-08-21
234,2021-08-22
235,2021-08-23
236,2021-08-24
237,2021-08-25
238,2021-08-26
239,2021-08-27
240,2021-08-28
241,2021-08-29
242,2021-08-30
243,2021-08-31
244,2021-09-01
245,2021-09-02
246,2021-09-03
247,2021-09-04
248,2021-09-05
249,2021-09-06
250,2021-09-07
251,2021-09-08
252,2021-09-09
253,2021-09-10
254,2021-09-11
255,2021-09-12
256,2021-09-13
257,2021-09-14
258,2021-09-15
259,2021-09-16
260,2021-09-17
261,2021-09-18
262,2021-09-19
263,2021-09-20
264,2021-09-21
265,2021-09-22
266,2021-09-23
267,2021-09-24
268,2021-09-25
269,2021-09-26
270,2021-09-27
271,2021-09-28
272,2021-09-29
273,2021-09-30
274,2021-10-01
275,2021-10-02
276,2021-10-03
277,2021-10-04
278,2021-10-05
279,2021-10-06
280,2021-10-07
281,2021-10-08
282,2021-10-09
283,2021-10-10
284,2021-10-11
285,2021-10-12
286,2021-10-13
287,2021-10-14
288,2021-10-15
289,2021-10-16
290,2021-10-17
291,2021-10-18
292,2021-10-19
293,2021-10-20
294,2021-10-21
295,2021-10-22
296,2021-10-23
297,2021-10-24
298,2021-10-25
299,2021-10-26
300,2021-10-27
301,2021-10-28
302,2021-10-29
303,2021-10-30
304,2021-10-31
305,2021-11-01
306,2021-11-02
307,2021-11-03
308,2021-11-04
309,2021-11-05
310,2021-11-06
311,2021-11-07
312,2021-11-08
313,2021-11-09
314,2021-11-10
315,2021-11-11
316,2021-11-12
317,2021-11-13
318,2021-11-14
319,2021-11-15
320,2021-11-16
321,2021-11-17
322,2021-11-18
323,2021-11-19
324,2021-11-20
325,2021-11-21
326,2021-11-22
327,2021-11-23
328,2021-11-24
329,2021-11-25
330,2021-11-26
331,2021-11-27
332,2021-11-28
333,2021-11-29
334,2021-11-30
335,2021-12-01
336,2021-12-02
337,2021-12-03
338,2021-12-04
339,2021-12-05
340,2021-12-06
341,2021-12-07
342,2021-12-08
343,2021-12-09
344,2021-12-10
345,2021-12-11
346,2021-12-12
347,2021-12-13
348,2021-12-14
349,2021-12-15
350,2021-12-16
351,2021-12-17
352,2021-12-18
353,2021-12-19
354,2021-12-20
355,2021-12-21
356,2021-12-22
357,2021-12-23
358,2021-12-24
359,2021-12-25
360,2021-12-26
361,2021-12-27
362,2021-12-28
363,2021-12-29
364,2021-12-30
365,2021-12-31
366,2022-01-01
367,2022-01-02
368,2022-01-03
369,2022-01-04
370,2022-01-05
371,2022-01-06
372,2022-01-07
373,2022-01-08
374,2022-01-09
375,2022-01-10
376,2022-01-11
377,2022-01-12
378,2022-01-13
379,2022-01-14
380,2022-01-15
381,2022-01-16
382,2022-01-17
383,2022-01-18
384,2022-01-19
385,2022-01-20
386,2022-01-21
387,2022-01-22
388,2022-01-23
389,2022-01-24
390,2022-01-25
391,2022-01-26
392,2022-01-27
393,2022-01-28
394,2022-01-29
395,2022-01-30
396,2022-01-31
397,2022-02-01
398,2022-02-02
399,2022-02-03
400,2022-02-04
401,2022-02-05
402,2022-02-06
403,2022-02-07
404,2022-02-08
405,2022-02-09
406,2022-02-10
407,2022-02-11
408,2022-02-12
409,2022-02-13
410,2022-02-14
411,2022-02-15
412,2022-02-16
413,2022-02-17
414,2022-02-18
415,2022-02-19
416,2022-02-20
417,2022-02-21
418,2022-02-22
419,2022-02-23
420,2022-02-24
421,2022-02-25
422,2022-02-26
423,2022-02-27
424,2022-02-28
425,2022-03-01
426,2022-03-02
427,2022-03-03
428,2022-03-04
429,2022-03-05
430,2022-03-06
431,2022-03-07
432,2022-03-08
433,2022-03-09
434,2022-03-10
435,2022-03-11
436,2022-03-12
437,2022-03-13
438,2022-03-14
439,2022-03-15
440,2022-03-16
441,2022-03-17
442,2022-03-18
443,2022-03-19
444,2022-03-20
445,2022-03-21
446,2022-03-22
447,2022-03-23
448,2022-03-24
449,2022-03-25
450,2022-03-26
451,2022-03-27
452,2022-03-28
453,2022-03-29
454,2022-03-30
455,2022-03-31
456,2022-04-01
457,2022-04-02
458,2022-04-03
459,2022-04-04
460,2022-04-05
461,2022-04-06
462,2022-04-07
463,2022-04-08
464,2022-04-09
465,2022-04-10
466,2022-04-11
467,2022-04-12
468,2022-04-13
469,2022-04-14
470,2022-04-15
471,2022-04-16
472,2022-04-17
473,2022-04-18
474,2022-04-19
475,2022-04-20
476,2022-04-21
477,2022-04-22
478,2022-04-23
479,2022-04-24
480,2022-04-25
481,2022-04-26
482,2022-04-27
483,2022-04-28
484,2022-04-29
485,2022-04-30
486,2022-05-01
487,2022-05-02
488,2022-05-03
489,2022-05-04
490,2022-05-05
491,2022-05-06
492,2022-05-07
493,2022-05-08
494,2022-05-09
495,2022-05-10
496,2022-05-11
497,2022-05-12
498,2022-05-13
499,2022-05-14
500,2022-05-15
501,2022-05-16
502,2022-05-17
503,2022-05-18
504,2022-05-19
505,2022-05-20
506,2022-05-21
507,2022-05-22
508,2022-05-23
509,2022-05-24
510,2022-05-25
511,2022-05-26
512,2022-05-27
513,2022-05-28
514,2022-05-29
515,2022-05-30
516,2022-05-31
517,2022-06-01
518,2022-06-02
519,2022-06-03
520,2022-06-04
521,2022-06-05
522,2022-06-06
523,2022-06-07
524,2022-06-08
525,2022-06-09
526,2022-06-10
527,2022-06-11
528,2022-06-12
529,2022-06-13
530,2022-06-14
531,2022-06-15
532,2022-06-16
533,2022-06-17
534,2022-06-18
535,2022-06-19
536,2022-06-20
537,2022-06-21
538,2022-06-22
539,2022-06-23
540,2022-06-24
541,2022-06-25
542,2022-06-26
543,2022-06-27
544,2022-06-28
545,2022-06-29
546,2022-06-30
547,2022-07-01
548,2022-07-02
549,2022-07-03
550,2022-07-04
551,2022-07-05
552,2022-07-06
553,2022-07-07
554,2022-07-08
555,2022-07-09
556,2022-07-10
557,2022-07-11
558,2022-07-12
559,2022-07-13
560,2022-07-14
561,2022-07-15
562,2022-07-16
563,2022-07-17
564,2022-07-18
565,2022-07-19
566,2022-07-20
567,2022-07-21
568,2022-07-22
569,2022-07-23
570,2022-07-24
571,2022-07-25
572,2022-07-26
573,2022-07-27
574,2022-07-28
575,2022-07-29
576,2022-07-30
577,2022-07-31
578,2022-08-01
579,2022-08-02
580,2022-08-03
581,2022-08-04
582,2022-08-05
583,2022-08-06
584,2022-08-07
585,2022-08-08
586,2022-08-09
587,2022-08-10
588,2022-08-11
589,2022-08-12
590,2022-08-13
591,2022-08-14
592,2022-08-15
593,2022-08-16
594,2022-08-17
595,2022-08-18
596,2022-08-19
597,2022-08-20
598,2022-08-21
599,2022-08-22
600,2022-08-23
601,2022-08-24
602,2022-08-25
603,2022-08-26
604,2022-08-27
605,2022-08-28
606,2022-08-29
607,2022-08-30
608,2022-08-31
609,2022-09-01
610,2022-09-02
611,2022-09-03
612,2022-09-04
613,2022-09-05
614,2022-09-06
615,2022-09-07
616,2022-09-08
617,2022-09-09
618,2022-09-10
619,2022-09-11
620,2022-09-12
621,2022-09-13
622,2022-09-14
623,2022-09-15
624,2022-09-16
625,2022-09-17
626,2022-09-18
627,2022-09-19
628,2022-09-20
629,2022-09-21
630,2022-09-22
631,2022-09-23
632,2022-09-24
633,2022-09-25
634,2022-09-26
635,2022-09-27
636,2022-09-28
637,2022-09-29
638,2022-09-30
639,2022-10-01
640,2022-10-02
641,2022-10-03
642,2022-10-04
643,2022-10-05
644,2022-10-06
645,2022-10-07
646,2022-10-08
647,2022-10-09
648,2022-10-10
649,2022-10-11
650,2022-10-12
651,2022-10-13
652,2022-10-14
653,2022-10-15
654,2022-10-16
655,2022-10-17
656,2022-10-18
657,2022-10-19
658,2022-10-20
659,2022-10-21
660,2022-10-22
661,2022-10-23
662,2022-10-24
663,2022-10-25
664,2022-10-26
665,2022-10-27
666,2022-10-28
667,2022-10-29
668,2022-10-30
669,2022-10-31
670,2022-11-01
671,2022-11-02
672,2022-11-03
673,2022-11-04
674,2022-11-05
675,2022-11-06
676,2022-11-07
677,2022-11-08
678,2022-11-09
679,2022-11-10
680,2022-11-11
681,2022-11-12
682,2022-11-13
683,2022-11-14
684,2022-11-15
685,2022-11-16
686,2022-11-17
687,2022-11-18
688,2022-11-19
689,2022-11-20
690,2022-11-21
691,2022-11-22
692,2022-11-23
693,2022-11-24
694,2022-11-25
695,2022-11-26
696,2022-11-27
697,2022-11-28
698,2022-11-29
699,2022-11-30
700,2022-12-01
701,2022-12-02
702,2022-12-03
703,2022-12-04
704,2022-12-05
705,2022-12-06
706,2022-12-07
707,2022-12-08
708,2022-12-09
709,2022-12-10
710,2022-12-11
711,2022-12-12
712,2022-12-13
713,2022-12-14
714,2022-12-15
715,2022-12-16
716,2022-12-17
717,2022-12-18
718,2022-12-19
719,2022-12-20
720,2022-12-21
721,2022-12-22
722,2022-12-23
723,2022-12-24
724,2022-12-25
725,2022-12-26
726,2022-12-27
727,2022-12-28
728,2022-12-29
729,2022-12-30
730,2022-12-31
731,2023-01-01
732,2023-01-02
733,2023-01-03
734,2023-01-04
735,2023-01-05
736,2023-01-06
737,2023-01-07
738,2023-01-08
739,2023-01-09
740,2023-01-10
741,2023-01-11
742,2023-01-12
743,2023-01-13
744,2023-01-14
745,2023-01-15
746,2023-01-16
747,2023-01-17
748,2023-01-18
749,2023-01-19
750,2023-01-20
751,2023-01-21
752,2023-01-22
753,2023-01-23
754,2023-01-24
755,2023-01-25
756,2023-01-26
757,2023-01-27
758,2023-01-28
759,2023-01-29
760,2023-01-30
761,2023-01-31
762,2023-02-01
763,2023-02-02
764,2023-02-03
765,2023-02-04
766,2023-02-05
767,2023-02-06
768,2023-02-07
769,2023-02-08
770,2023-02-09
771,2023-02-10
772,2023-02-11
773,2023-02-12
774,2023-02-13
775,2023-02-14
776,2023-02-15
777,2023-02-16
778,2023-02-17
779,2023-02-18
780,2023-02-19
781,2023-02-20
782,2023-02-21
783,2023-02-22
784,2023-02-23
785,2023-02-24
786,2023-02-25
787,2023-02-26
788,2023-02-27
789,2023-02-28
790,2023-03-01
791,2023-03-02
792,2023-03-03
793,2023-03-04
794,2023-03-05
795,2023-03-06
796,2023-03-07
797,2023-03-08
798,2023-03-09
799,2023-03-10
800,2023-03-11
801,2023-03-12
802,2023-03-13
803,2023-03-14
804,2023-03-15
805,2023-03-16
806,2023-03-17
807,2023-03-18
808,2023-03-19
809,2023-03-20
810,2023-03-21
811,2023-03-22
812,2023-03-23
813,2023-03-24
814,2023-03-25
815,2023-03-26
816,2023-03-27
817,2023-03-28
818,2023-03-29
819,2023-03-30
820,2023-03-31
821,2023-04-01
822,2023-04-02
823,2023-04-03
824,2023-04-04
825,2023-04-05
826,2023-04-06
827,2023-04-07
828,2023-04-08
829,2023-04-09
830,2023-04-10
831,2023-04-11
832,2023-04-12
833,2023-04-13
834,2023-04-14
835,2023-04-15
836,2023-04-16
837,2023-04-17
838,2023-04-18
839,2023-04-19
840,2023-04-20
841,2023-04-21
842,2023-04-22
843,2023-04-23
844,2023-04-24
845,2023-04-25
846,2023-04-26
847,2023-04-27
848,2023-04-28
849,2023-04-29
850,2023-04-30
851,2023-05-01
852,2023-05-02
853,2023-05-03
854,2023-05-04
855,2023-05-05
856,2023-05-06
857,2023-05-07
858,2023-05-08
859,2023-05-09
860,2023-05-10
861,2023-05-11
862,2023-05-12
863,2023-05-13
864,2023-05-14
865,2023-05-15
866,2023-05-16
867,2023-05-17
868,2023-05-18
869,2023-05-19
870,2023-05-20
871,2023-05-21
872,2023-05-22
873,2023-05-23
874,2023-05-24
875,2023-05-25
876,2023-05-26
877,2023-05-27
878,2023-05-28
879,2023-05-29
880,2023-05-30
881,2023-05-31
882,2023-06-01
883,2023-06-02
884,2023-06-03
885,2023-06-04
886,2023-06-05
887,2023-06-06
888,2023-06-07
889,2023-06-08
890,2023-06-09
891,2023-06-10
892,2023-06-11
893,2023-06-12
894,2023-06-13
895,2023-06-14
896,2023-06-15
897,2023-06-16
898,2023-06-17
899,2023-06-18
900,2023-06-19
901,2023-06-20
902,2023-06-21
903,2023-06-22
904,2023-06-23
905,2023-06-24
906,2023-06-25
907,2023-06-26
908,2023-06-27
909,2023-06-28
910,2023-06-29
911,2023-06-30
912,2023-07-01
913,2023-07-02
914,2023-07-03
915,2023-07-04
916,2023-07-05
917,2023-07-06
918,2023-07-07
919,2023-07-08
920,2023-07-09
921,2023-07-10
922,2023-07-11
923,2023-07-12
924,2023-07-13
925,2023-07-14
926,2023-07-15
927,2023-07-16
928,2023-07-17
929,2023-07-18
930,2023-07-19
931,2023-07-20
932,2023-07-21
933,2023-07-22
934,2023-07-23
935,2023-07-24
936,2023-07-25
937,2023-07-26
938,2023-07-27
939,2023-07-28
940,2023-07-29
941,2023-07-30
942,2023-07-31
943,2023-08-01
944,2023-08-02
945,2023-08-03
946,2023-08-04
947,2023-08-05
948,2023-08-06
949,2023-08-07
950,2023-08-08
951,2023-08-09
952,2023-08-10
953,2023-08-11
954,2023-08-12
955,2023-08-13
956,2023-08-14
957,2023-08-15
958,2023-08-16
959,2023-08-17
960,2023-08-18
961,2023-08-19
962,2023-08-20
963,2023-08-21
964,2023-08-22
965,2023-08-23
966,2023-08-24
967,2023-08-25
968,2023-08-26
969,2023-08-27
970,2023-08-28
971,2023-08-29
972,2023-08-30
973,2023-08-31
974,2023-09-01
975,2023-09-02
976,2023-09-03
977,2023-09-04
978,2023-09-05
979,2023-09-06
980,2023-09-07
981,2023-09-08
982,2023-09-09
983,2023-09-10
984,2023-09-11
985,2023-09-12
986,2023-09-13
987,2023-09-14
988,2023-09-15
989,2023-09-16
990,2023-09-17
991,2023-09-18
992,2023-09-19
993,2023-09-20
994,2023-09-21
995,2023-09-22
996,2023-09-23
997,2023-09-24
998,2023-09-25
999,2023-09-26
1000,2023-09-27
1001,2023-09-28
1002,2023-09-29
1003,2023-09-30
1004,2023-10-01
1005,2023-10-02
1006,2023-10-03
1007,2023-10-04
1008,2023-10-05
1009,2023-10-06
1010,2023-10-07
1011,2023-10-08
1012,2023-10-09
1013,2023-10-10
1014,2023-10-11
1015,2023-10-12
1016,2023-10-13
1017,2023-10-14
1018,2023-10-15
1019,2023-10-16
1020,2023-10-17
1021,2023-10-18
1022,2023-10-19
1023,2023-10-20
1024,2023-10-21
1025,2023-10-22
1026,2023-10-23
1027,2023-10-24
1028,2023-10-25
1029,2023-10-26
1030,2023-10-27
1031,2023-10-28
1032,2023-10-29
1033,2023-10-30
1034,2023-10-31
1035,2023-11-01
1036,2023-11-02
1037,2023-11-03
1038,2023-11-04
1039,2023-11-05
1040,2023-11-06
1041,2023-11-07
1042,2023-11-08
1043,2023-11-09
1044,2023-11-10
1045,2023-11-11
1046,2023-11-12
1047,2023-11-13
1048,2023-11-14
1049,2023-11-15
1050,2023-11-16
1051,2023-11-17
1052,2023-11-18
1053,2023-11-19
1054,2023-11-20
1055,2023-11-21
1056,2023-11-22
1057,2023-11-23
1058,2023-11-24
1059,2023-11-25
1060,2023-11-26
1061,2023-11-27
1062,2023-11-28
1063,2023-11-29
1064,2023-11-30
1065,2023-12-01
1066,2023-12-02
1067,2023-12-03
1068,2023-12-04
1069,2023-12-05
1070,2023-12-06
1071,2023-12-07
1072,2023-12-08
1073,2023-12-09
1074,2023-12-10
1075,2023-12-11
1076,2023-12-12
1077,2023-12-13
1078,2023-12-14
1079,2023-12-15
1080,2023-12-16
1081,2023-12-17
1082,2023-12-18
1083,2023-12-19
1084,2023-12-20
1085,2023-12-21
1086,2023-12-22
1087,2023-12-23
1088,2023-12-24
1089,2023-12-25
1090,2023-12-26
1091,2023-12-27
1092,2023-12-28
1093,2023-12-29
1094,2023-12-30
1095,2023-12-31
1096,2024-01-01
1097,2024-01-02
1098,2024-01-03
1099,2024-01-04
1100,2024-01-05
1101,2024-01-06
1102,2024-01-07
1103,2024-01-08
1104,2024-01-09
1105,2024-01-10
1106,2024-01-11
1107,2024-01-12
1108,2024-01-13
1109,2024-01-14
1110,2024-01-15
1111,2024-01-16
1112,2024-01-17
1113,2024-01-18
1114,2024-01-19
1115,2024-01-20
1116,2024-01-21
1117,2024-01-22
1118,2024-01-23
1119,2024-01-24
1120,2024-01-25
1121,2024-01-26
1122,2024-01-27
1123,2024-01-28
1124,2024-01-29
1125,2024-01-30
1126,2024-01-31
1127,2024-02-01
1128,2024-02-02
1129,2024-02-03
1130,2024-02-04
1131,2024-02-05
1132,2024-02-06
1133,2024-02-07
1134,2024-02-08
1135,2024-02-09
1136,2024-02-10
1137,2024-02-11
1138,2024-02-12
1139,2024-02-13
1140,2024-02-14
1141,2024-02-15
1142,2024-02-16
1143,2024-02-17
1144,2024-02-18
1145,2024-02-19
1146,2024-02-20
1147,2024-02-21
1148,2024-02-22
1149,2024-02-23
1150,2024-02-24
1151,2024-02-25
1152,2024-02-26
1153,2024-02-27
1154,2024-02-28
1155,2024-02-29
1156,2024-03-01
1157,2024-03-02
1158,2024-03-03
1159,2024-03-04
1160,2024-03-05
1161,2024-03-06
1162,2024-03-07
1163,2024-03-08
1164,2024-03-09
1165,2024-03-10
1166,2024-03-11
1167,2024-03-12
1168,2024-03-13
1169,2024-03-14
1170,2024-03-15
1171,2024-03-16
1172,2024-03-17
1173,2024-03-18
1174,2024-03-19
1175,2024-03-20
1176,2024-03-21
1177,2024-03-22
1178,2024-03-23
1179,2024-03-24
1180,2024-03-25
1181,2024-03-26
1182,2024-03-27
1183,2024-03-28
1184,2024-03-29
1185,2024-03-30
1186,2024-03-31
1187,2024-04-01
1188,2024-04-02
1189,2024-04-03
1190,2024-04-04
1191,2024-04-05
1192,2024-04-06
1193,2024-04-07
1194,2024-04-08
1195,2024-04-09
1196,2024-04-10
1197,2024-04-11
1198,2024-04-12
1199,2024-04-13
1200,2024-04-14
1201,2024-04-15
1202,2024-04-16
1203,2024-04-17
1204,2024-04-18
1205,2024-04-19
1206,2024-04-20
1207,2024-04-21
1208,2024-04-22
1209,2024-04-23
1210,2024-04-24
1211,2024-04-25
1212,2024-04-26
1213,2024-04-27
1214,2024-04-28
1215,2024-04-29
1216,2024-04-30
1217,2024-05-01
1218,2024-05-02
1219,2024-05-03
1220,2024-05-04
1221,2024-05-05
1222,2024-05-06
1223,2024-05-07
1224,2024-05-08
1225,2024-05-09
1226,2024-05-10
1227,2024-05-11
1228,2024-05-12
1229,2024-05-13
1230,2024-05-14
1231,2024-05-15
1232,2024-05-16
1233,2024-05-17
1234,2024-05-18
1235,2024-05-19
1236,2024-05-20
1237,2024-05-21
1238,2024-05-22
1239,2024-05-23
1240,2024-05-24
1241,2024-05-25
1242,2024-05-26
1243,2024-05-27
1244,2024-05-28
1245,2024-05-29
1246,2024-05-30
1247,2024-05-31
1248,2024-06-01
1249,2024-06-02
1250,2024-06-03
1251,2024-06-04
1252,2024-06-05
1253,2024-06-06
1254,2024-06-07
1255,2024-06-08
1256,2024-06-09
1257,2024-06-10
1258,2024-06-11
1259,2024-06-12
1260,2024-06-13
1261,2024-06-14
1262,2024-06-15
1263,2024-06-16
1264,2024-06-17
1265,2024-06-18
1266,2024-06-19
1267,2024-06-20
1268,2024-06-21
1269,2024-06-22
1270,2024-06-23
1271,2024-06-24
1272,2024-06-25
1273,2024-06-26
1274,2024-06-27
1275,2024-06-28
1276,2024-06-29
1277,2024-06-30
1278,2024-07-01
1279,2024-07-02
1280,2024-07-03
1281,2024-07-04
1282,2024-07-05
1283,2024-07-06
1284,2024-07-07
1285,2024-07-08
1286,2024-07-09
1287,2024-07-10
1288,2024-07-11
1289,2024-07-12
1290,2024-07-13
1291,2024-07-14
1292,2024-07-15
1293,2024-07-16
1294,2024-07-17
1295,2024-07-18
1296,2024-07-19
1297,2024-07-20
1298,2024-07-21
1299,2024-07-22
1300,2024-07-23
1301,2024-07-24
1302,2024-07-25
1303,2024-07-26
1304,2024-07-27
1305,2024-07-28
1306,2024-07-29
1307,2024-07-30
1308,2024-07-31
1309,2024-08-01
1310,2024-08-02
1311,2024-08-03
1312,2024-08-04
1313,2024-08-05
1314,2024-08-06
1315,2024-08-07
1316,2024-08-08
1317,2024-08-09
1318,2024-08-10
1319,2024-08-11
1320,2024-08-12
1321,2024-08-13
1322,2024-08-14
1323,2024-08-15
1324,2024-08-16
1325,2024-08-17
1326,2024-08-18
1327,2024-08-19
1328,2024-08-20
1329,2024-08-21
1330,2024-08-22
1331,2024-08-23
1332,2024-08-24
1333,2024-08-25
1334,2024-08-26
1335,2024-08-27
1336,2024-08-28
1337,2024-08-29
1338,2024-08-30
1339,2024-08-31
1340,2024-09-01
1341,2024-09-02
1342,2024-09-03
1343,2024-09-04
1344,2024-09-05
1345,2024-09-06
1346,2024-09-07
1347,2024-09-08
1348,2024-09-09
1349,2024-09-10
1350,2024-09-11
1351,2024-09-12
1352,2024-09-13
1353,2024-09-14
1354,2024-09-15
1355,2024-09-16
1356,2024-09-17
1357,2024-09-18
1358,2024-09-19
1359,2024-09-20
1360,2024-09-21
1361,2024-09-22
1362,2024-09-23
1363,2024-09-24
1364,2024-09-25
1365,2024-09-26
1366,2024-09-27
1367,2024-09-28
1368,2024-09-29
1369,2024-09-30
1370,2024-10-01
1371,2024-10-02
1372,2024-10-03
1373,2024-10-04
1374,2024-10-05
1375,2024-10-06
1376,2024-10-07
1377,2024-10-08
1378,2024-10-09
1379,2024-10-10
1380,2024-10-11
1381,2024-10-12
1382,2024-10-13
1383,2024-10-14
1384,2024-10-15
1385,2024-10-16
1386,2024-10-17
1387,2024-10-18
1388,2024-10-19
1389,2024-10-20
1390,2024-10-21
1391,2024-10-22
1392,2024-10-23
1393,2024-10-24
1394,2024-10-25
1395,2024-10-26
1396,2024-10-27
1397,2024-10-28
1398,2024-10-29
1399,2024-10-30
1400,2024-10-31
1401,2024-11-01
1402,2024-11-02
1403,2024-11-03
1404,2024-11-04
1405,2024-11-05
1406,2024-11-06
1407,2024-11-07
1408,2024-11-08
1409,2024-11-09
1410,2024-11-10
1411,2024-11-11
1412,2024-11-12
1413,2024-11-13
1414,2024-11-14
1415,2024-11-15
1416,2024-11-16
1417,2024-11-17
1418,2024-11-18
1419,2024-11-19
1420,2024-11-20
1421,2024-11-21
1422,2024-11-22
1423,2024-11-23
1424,2024-11-24
1425,2024-11-25
1426,2024-11-26
1427,2024-11-27
1428,2024-11-28
1429,2024-11-29
1430,2024-11-30
1431,2024-12-01
1432,2024-12-02
1433,2024-12-03
1434,2024-12-04
1435,2024-12-05
1436,2024-12-06
1437,2024-12-07
1438,2024-12-08
1439,2024-12-09
1440,2024-12-10
1441,2024-12-11
1442,2024-12-12
1443,2024-12-13
1444,2024-12-14
1445,2024-12-15
1446,2024-12-16
1447,2024-12-17
1448,2024-12-18
1449,2024-12-19
1450,2024-12-20
1451,2024-12-21
1452,2024-12-22
1453,2024-12-23
1454,2024-12-24
1455,2024-12-25
1456,2024-12-26
1457,2024-12-27
1458,2024-12-28
1459,2024-12-29
1460,2024-12-30
1461,2024-12-31
1462,2025-01-01
1463,2025-01-02
1464,2025-01-03
1465,2025-01-04
1466,2025-01-05
1467,2025-01-06
1468,2025-01-07
1469,2025-01-08
1470,2025-01-09
1471,2025-01-10
1472,2025-01-11
1473,2025-01-12
1474,2025-01-13
1475,2025-01-14
1476,2025-01-15
1477,2025-01-16
1478,2025-01-17
1479,2025-01-18
1480,2025-01-19
1481,2025-01-20
1482,2025-01-21
1483,2025-01-22
1484,2025-01-23
1485,2025-01-24
1486,2025-01-25
1487,2025-01-26
1488,2025-01-27
1489,2025-01-28
1490,2025-01-29
1491,2025-01-30
1492,2025-01-31
1493,2025-02-01
1494,2025-02-02
1495,2025-02-03
1496,2025-02-04
1497,2025-02-05
1498,2025-02-06
1499,2025-02-07
1500,2025-02-08
1501,2025-02-09
1502,2025-02-10
1503,2025-02-11
1504,2025-02-12
1505,2025-02-13
1506,2025-02-14
1507,2025-02-15
1508,2025-02-16
1509,2025-02-17
1510,2025-02-18
1511,2025-02-19
1512,2025-02-20
1513,2025-02-21
1514,2025-02-22
1515,2025-02-23
1516,2025-02-24
1517,2025-02-25
1518,2025-02-26
1519,2025-02-27
1520,2025-02-28
1521,2025-03-01
1522,2025-03-02
1523,2025-03-03
1524,2025-03-04
1525,2025-03-05
1526,2025-03-06
1527,2025-03-07
1528,2025-03-08
1529,2025-03-09
1530,2025-03-10
1531,2025-03-11
1532,2025-03-12
1533,2025-03-13
1534,2025-03-14
1535,2025-03-15
1536,2025-03-16
1537,2025-03-17
1538,2025-03-18
1539,2025-03-19
1540,2025-03-20
1541,2025-03-21
1542,2025-03-22
1543,2025-03-23
1544,2025-03-24
1545,2025-03-25
1546,2025-03-26
1547,2025-03-27
1548,2025-03-28
1549,2025-03-29
1550,2025-03-30
1551,2025-03-31
1552,2025-04-01
1553,2025-04-02
1554,2025-04-03
1555,2025-04-04
1556,2025-04-05
1557,2025-04-06
1558,2025-04-07
1559,2025-04-08
1560,2025-04-09
1561,2025-04-10
1562,2025-04-11
1563,2025-04-12
1564,2025-04-13
1565,2025-04-14
1566,2025-04-15
1567,2025-04-16
1568,2025-04-17
1569,2025-04-18
1570,2025-04-19
1571,2025-04-20
1572,2025-04-21
1573,2025-04-22
1574,2025-04-23
1575,2025-04-24
1576,2025-04-25
1577,2025-04-26
1578,2025-04-27
1579,2025-04-28
1580,2025-04-29
1581,2025-04-30
1582,2025-05-01
1583,2025-05-02
1584,2025-05-03
1585,2025-05-04
1586,2025-05-05
1587,2025-05-06
1588,2025-05-07
1589,2025-05-08
1590,2025-05-09
1591,2025-05-10
1592,2025-05-11
1593,2025-05-12
1594,2025-05-13
1595,2025-05-14
1596,2025-05-15
1597,2025-05-16
1598,2025-05-17
1599,2025-05-18
1600,2025-05-19
1601,2025-05-20
1602,2025-05-21
1603,2025-05-22
1604,2025-05-23
1605,2025-05-24
1606,2025-05-25
1607,2025-05-26
1608,2025-05-27
1609,2025-05-28
1610,2025-05-29
1611,2025-05-30
1612,2025-05-31
1613,2025-06-01
1614,2025-06-02
1615,2025-06-03
1616,2025-06-04
1617,2025-06-05
1618,2025-06-06
1619,2025-06-07
1620,2025-06-08
1621,2025-06-09
1622,2025-06-10
1623,2025-06-11
1624,2025-06-12
1625,2025-06-13
1626,2025-06-14
1627,2025-06-15
1628,2025-06-16
1629,2025-06-17
1630,2025-06-18
1631,2025-06-19
1632,2025-06-20
1633,2025-06-21
1634,2025-06-22
1635,2025-06-23
1636,2025-06-24
1637,2025-06-25
1638,2025-06-26
1639,2025-06-27
1640,2025-06-28
1641,2025-06-29
1642,2025-06-30
1643,2025-07-01
1644,2025-07-02
1645,2025-07-03
1646,2025-07-04
1647,2025-07-05
1648,2025-07-06
1649,2025-07-07
1650,2025-07-08
1651,2025-07-09
1652,2025-07-10
1653,2025-07-11
1654,2025-07-12
1655,2025-07-13
1656,2025-07-14
1657,2025-07-15
1658,2025-07-16
1659,2025-07-17
1660,2025-07-18
1661,2025-07-19
1662,2025-07-20
1663,2025-07-21
1664,2025-07-22
1665,2025-07-23
1666,2025-07-24
1667,2025-07-25
1668,2025-07-26
1669,2025-07-27
1670,2025-07-28
1671,2025-07-29
1672,2025-07-30
1673,2025-07-31
1674,2025-08-01
1675,2025-08-02
1676,2025-08-03
1677,2025-08-04
1678,2025-08-05
1679,2025-08-06
1680,2025-08-07
1681,2025-08-08
1682,2025-08-09
1683,2025-08-10
1684,2025-08-11
1685,2025-08-12
1686,2025-08-13
1687,2025-08-14
1688,2025-08-15
1689,2025-08-16
1690,2025-08-17
1691,2025-08-18
1692,2025-08-19
1693,2025-08-20
1694,2025-08-21
1695,2025-08-22
1696,2025-08-23
1697,2025-08-24
1698,2025-08-25
1699,2025-08-26
1700,2025-08-27
1701,2025-08-28
1702,2025-08-29
1703,2025-08-30
1704,2025-08-31
1705,2025-09-01
1706,2025-09-02
1707,2025-09-03
1708,2025-09-04
1709,2025-09-05
1710,2025-09-06
1711,2025-09-07
1712,2025-09-08
1713,2025-09-09
1714,2025-09-10
1715,2025-09-11
1716,2025-09-12
1717,2025-09-13
1718,2025-09-14
1719,2025-09-15
1720,2025-09-16
1721,2025-09-17
1722,2025-09-18
1723,2025-09-19
1724,2025-09-20
1725,2025-09-21
1726,2025-09-22
1727,2025-09-23
1728,2025-09-24
1729,2025-09-25
1730,2025-09-26
1731,2025-09-27
1732,2025-09-28
1733,2025-09-29
1734,2025-09-30
1735,2025-10-01
1736,2025-10-02
1737,2025-10-03
1738,2025-10-04
1739,2025-10-05
1740,2025-10-06
1741,2025-10-07
1742,2025-10-08
1743,2025-10-09
1744,2025-10-10
1745,2025-10-11
1746,2025-10-12
1747,2025-10-13
1748,2025-10-14
1749,2025-10-15
1750,2025-10-16
1751,2025-10-17
1752,2025-10-18
1753,2025-10-19
1754,2025-10-20
1755,2025-10-21
1756,2025-10-22
1757,2025-10-23
1758,2025-10-24
1759,2025-10-25
1760,2025-10-26
1761,2025-10-27
1762,2025-10-28
1763,2025-10-29
1764,2025-10-30
1765,2025-10-31
1766,2025-11-01
1767,2025-11-02
1768,2025-11-03
1769,2025-11-04
1770,2025-11-05
1771,2025-11-06
1772,2025-11-07
1773,2025-11-08
1774,2025-11-09
1775,2025-11-10
1776,2025-11-11
1777,2025-11-12
1778,2025-11-13
1779,2025-11-14
1780,2025-11-15
1781,2025-11-16
1782,2025-11-17
1783,2025-11-18
1784,2025-11-19
1785,2025-11-20
1786,2025-11-21
1787,2025-11-22
1788,2025-11-23
1789,2025-11-24
1790,2025-11-25
1791,2025-11-26
1792,2025-11-27
1793,2025-11-28
1794,2025-11-29
1795,2025-11-30
1796,2025-12-01
1797,2025-12-02
1798,2025-12-03
1799,2025-12-04
1800,2025-12-05
1801,2025-12-06
1802,2025-12-07
1803,2025-12-08
1804,2025-12-09
1805,2025-12-10
1806,2025-12-11
1807,2025-12-12
1808,2025-12-13
1809,2025-12-14
1810,2025-12-15
1811,2025-12-16
1812,2025-12-17
1813,2025-12-18
1814,2025-12-19
1815,2025-12-20
1816,2025-12-21
1817,2025-12-22
1818,2025-12-23
1819,2025-12-24
1820,2025-12-25
1821,2025-12-26
1822,2025-12-27
1823,2025-12-28
1824,2025-12-29
1825,2025-12-30
